2;частотник vacon
2;преобразователь частоты тошиба
2;частотный преобразователь купить в спб
2;преобразователь частоты вакон
2;частотный преобразователь дельта
2;частотный преобразователь данфосс
2;преобразователь частоты вакон
2;частотник danfoss vlt
2;преобразователь частоты vacon
2;частотный преобразователь danfoss vlt
2;частотник дельта
2;преобразователь частоты вакон
2;частотный преобразователь купить
2;частотник дельта
2;частотный преобразователь delta
2;частотный преобразователь купить в москве
2;преобразователь частоты тошиба
2;преобразователь частоты тошиба
2;преобразователь частоты toshiba
2;частотный преобразователь тошиба
2;частотный преобразователь toshiba
2;частотник купить
2;частотник вакон
2;преобразователь частоты toshiba
2;частотный преобразователь danfoss vlt
2;частотный преобразователь дельта
2;частотник vacon
2;частотник danfoss
2;частотный преобразователь для электродвигателя
2;преобразователь частоты цена
2;частотный преобразователь данфосс
2;частотник delta
2;частотный преобразователь 380 купить
2;частотник данфосс
2;частотник vacon
